{
  "project_info": {
    "project_number": "295241399423",
    "firebase_url": "https://shareasy-ryuuk-shinigami.firebaseio.com",
    "project_id": "shareasy-ryuuk-shinigami",
    "storage_bucket": "shareasy-ryuuk-shinigami.appspot.com"
  },
  "client": [
    {
      "client_info": {
        "mobilesdk_app_id": "1:295241399423:android:44cc19f367a9e489",
        "android_client_info": {
          "package_name": "com.shinigami.shareasy"
        }
      },
      "oauth_client": [
        {
          "client_id": "295241399423-ski89vr1c2t8pgab59dtjko1g04ffggg.apps.googleusercontent.com",
          "client_type": 1,
          "android_info": {
            "package_name": "com.shinigami.shareasy",
            "certificate_hash": "2a29187129b1c9084f0c5f3bfed37ee772e69ef9"
          }
        },
        {
          "client_id": "295241399423-llnffjovvveu70ht71o61k1kr6g8c5qs.apps.googleusercontent.com",
          "client_type": 3
        }
      ],
      "api_key": [
        {
          "current_key": "AIzaSyAbkXJDUnLkRhZFinSJ-3ve7WesMmM5y04"
        }
      ],
      "services": {
        "appinvite_service": {
          "other_platform_oauth_client": [
            {
              "client_id": "295241399423-llnffjovvveu70ht71o61k1kr6g8c5qs.apps.googleusercontent.com",
              "client_type": 3
            }
          ]
        }
      }
    }
  ],
  "configuration_version": "1"
}